PPX_accession	PPX_accession__url	PPX_accession_version	PPX_accession_version__url	INSDC_accession_version	INSDC_accession_version__url	strain	date	region	country	division	location	length	host	date_released	date_updated	sra_accession	authors	full_authors	institution	dataUseTerms	dataUseTerms__url	restrictedUntil	clade	outbreak	lineage	coverage	missing_data	divergence	nonACGTN	QC_missing_data	QC_mixed_sites	QC_rare_mutations	QC_frame_shifts	QC_stop_codons	frame_shifts	is_reverse_complement
PP_000SQA5	https://pathoplexus.org/seq/PP_000SQA5	PP_000SQA5.1	https://pathoplexus.org/seq/PP_000SQA5.1	PQ221719.1	https://www.ncbi.nlm.nih.gov/nuccore/PQ221719.1	23MPX0647V	2023-06-15	Africa	Democratic Republic of the Congo	Tshopo,Bengamisa		196803	Homo sapiens	2024-10-16	2024-12-09		Kinganda Lusamaki et al.	Kinganda Lusamaki, E.; Amuri Aziza, A.; Luakanda Ndelemo, G.; Hasivirwe Vakaniaki, E.; Fernandez Nunez, N.; Pratt, C. B.; Akil Bandali, P.; Makangara Cigolo, J.-C.; Hoff, N. A.; Sabiti Nundu, S.; Mulopo Mukanya, N.; Ngimba, M.; Modrada Madakpa, B.; Diavita, R.; Paku Tshambu, P.; Pukuta Simbu, E.; Merritt, S.; O'Toole, A.; Low, N.; Nkuba Ndaye, A.; Kavunga Membo, H.; Shongo, R.; Malembi, E.; Kalonji, T.; Kacita, C.; Lokilo Lofiko, E.; Kavira Bapitani, S.; Rilia, O.; Muswamba, P.-C.; Muyembe Mawete, F.; Lumembe, R.; Kabamba, G.; Kenye, M.; Citenga, A.; Cikaya, F.; Yungwe, Z.; Matondo, M.; Kasongo, F.; Tshiminyi, P.; Bulabula, J.; Nkawa, F.; Muhindo Milonde, E.; Kavira Kamaliro, A.; Paluku Kalimuli, Z.; Bodisa Matamu, T.; Mubalama Mufungizi, J.; Wiley, M. R.; Devos, E.; Bangwen, E.; Brosius, I.; Parker, E.; Pilarowski, G.; Liesenborghs, L.; Wawina Bokalanga, T.; Vercauteren, K.; Mukadi Bamuleka, D.; Subissi, L.; Muyembe, J.-J.; Kindrachuk, J.; Guichet, E.; Ayouba, A.; Rambaut, A.; Delaporte, E.; Tessema, S. K.; D'Ortenzio, E.; Rimoin, A. W.; Hensley, L. E.; Mbala Kingebeni, P.; Peeters, M.; Ahuka Mundeke, S.	Institut National de Recherche Biomedicale, Pathogen Genomic Laboratory	OPEN	https://pathoplexus.org/about/terms-of-use/open-data		Ia			0.9991988195264921	143	841	15	good	mediocre	good	bad	good	OPG003:4-589,OPG047:477-482,OPG050:71-76,OPG105:286-1287,OPG164:229,OPG180:556-560,OPG191:167-169,OPG003_dup:4-589	false
PP_000SZM7	https://pathoplexus.org/seq/PP_000SZM7	PP_000SZM7.1	https://pathoplexus.org/seq/PP_000SZM7.1	DQ443476.1	https://www.ncbi.nlm.nih.gov/nuccore/DQ443476.1	04MPX096c	2004-XX-XX	Africa	Democratic Republic of the Congo	Kasaï-Oriental		942	Homo sapiens	2007-04-01	2024-12-09		Rimoin et al.	Rimoin, A. W.; Kisalu, N.; Kebela-Ilunga, B.; Mukaba, T.; Wright, L. L.; Formenty, P.; Wolfe, N. D.; Shongo, R. L.; Tshioko, F.; Okitolonda, E.; Muyembe, J. J.; Ryder, R. W.; Meyer, H.	Bundeswehr Institute of Microbiology	OPEN	https://pathoplexus.org/about/terms-of-use/open-data		unassigned			0.004776658266103474	0	6	0	good	good	good	good	good		false
PP_000T2YE	https://pathoplexus.org/seq/PP_000T2YE	PP_000T2YE.1	https://pathoplexus.org/seq/PP_000T2YE.1	KP739441.1	https://www.ncbi.nlm.nih.gov/nuccore/KP739441.1	MPX0338	2012-09-12	Africa	Democratic Republic of the Congo	Nord Kivu, Musienene, Butembo		2538	Homo sapiens	2015-08-02	2024-12-09		McCollum et al.	McCollum, A. M.; Nakazawa, Y.; Ndongala, G. M.; Pukuta, E.; Karhemere, S.; Lushima, R. S.; Ilunga, B. K.; Kabamba, J.; Wilkins, K.; Gao, J.; Li, Y.; Emerson, G.; Damon, I. K.; Carroll, D. S.; Reynolds, M. G.; Malekani, J.; Tamfum, J. J.; Mccollum, A. M.; Muyembe, J.-J.	US Centers for Disease Control and Prevention, PRB	OPEN	https://pathoplexus.org/about/terms-of-use/open-data		I			0.01286959520103038	0	7	0	good	good	good	good	good		false
PP_000T36Y	https://pathoplexus.org/seq/PP_000T36Y	PP_000T36Y.1	https://pathoplexus.org/seq/PP_000T36Y.1	L20439.1	https://www.ncbi.nlm.nih.gov/nuccore/L20439.1	L20439.1	XXXX-XX-XX					926		1993-07-26	2024-12-09		Douglass et al.	Douglass, N. J.; Richardson, M.; Dumbell, K. R.		OPEN	https://pathoplexus.org/about/terms-of-use/open-data		IIb			0.004695526066254583	0	3	0	good	good	good	good	good		false
PP_000U1UM	https://pathoplexus.org/seq/PP_000U1UM	PP_000U1UM.2	https://pathoplexus.org/seq/PP_000U1UM.2	OP303791.1	https://www.ncbi.nlm.nih.gov/nuccore/OP303791.1	MPXV_USA_2022_NE0001	2022-06-XX	North America	USA	Nebraska		197172	Homo sapiens	2022-08-26	2025-02-03	SRR21676854	Gigante et al.	Gigante, C. M.; Iwen, P. C.; Zhao, H.; Batra, D.; Hetrick, E. E.; Howard, D. T.; Kovar, L.; Seabolt, M. H.; Weigand, M. R.; Burroughs, M. S.; Lee, J.; Wilkins, K.; McCollum, A.; Hutson, C.; Davidson, W.; Rao, A.; Donahue, M.; Li, Y.	CDC, DHCPP-PRB	OPEN	https://pathoplexus.org/about/terms-of-use/open-data		IIb	hMPXV-1	B.1.12	0.999954363137585	9	74	0	good	good	good	good	good		false
PP_000USVU	https://pathoplexus.org/seq/PP_000USVU	PP_000USVU.1	https://pathoplexus.org/seq/PP_000USVU.1	OP535327.1	https://www.ncbi.nlm.nih.gov/nuccore/OP535327.1	MPXV_Nigeria_2018_5307	2018-03-XX	Africa	Nigeria	Rivers		197183	Homo sapiens	2022-12-25	2024-12-09		Nnaemeka et al.	Nnaemeka, N.; Akanbi, O.; Chukwu, C.; Ayansola, O.; Ahmad, A.; Yinka-Ogunleye, A.; Akinpelu, A.; Babatunde, O.; Ihekweazu, C.; Adetifa, I.; Mauldin, M. R.; Gigante, C. M.; Batra, D.; Weigand, M.; Howard, D.; Sheth, M.; Seabolt, M. H.; Li, Y.	Nigeria Centre for Disease Control, National Reference Laboratory	OPEN	https://pathoplexus.org/about/terms-of-use/open-data		IIb	hMPXV-1	A	0.9999949292375094	0	12	1	good	good	good	good	good		false
PP_000VBHX	https://pathoplexus.org/seq/PP_000VBHX	PP_000VBHX.1	https://pathoplexus.org/seq/PP_000VBHX.1	OP612682.1	https://www.ncbi.nlm.nih.gov/nuccore/OP612682.1	MPXV/040/19	2019-04-20	Africa	Nigeria			197052	Homo sapiens	2022-10-11	2024-12-09		Ndodo et al.	Ndodo, N.; Ashcroft, J.; Lewandowski, K.; Yinka-Ogunleye, A.; Chukwu, C.; Ahmad, A.; King, D.; Akinpelu, A.; Maluquer de Motes, C.; Ribeca, P.; Summer, R. P.; Rambaut, A.; Chester, M.; Maishman, T.; Babatunde, O.; Mba, N.; Aruna, O.; Pullan, S. T.; Gannon, B.; Brown, C.; Ihekweazu, C.; Adetifa, I.; Ulaeto, D. O.	Defence Science and Technology Laboratory, Chemical, Biological and Radiological Sciences	OPEN	https://pathoplexus.org/about/terms-of-use/open-data		IIb	hMPXV-1	A.1	0.9979716950037777	0	25	0	good	good	good	good	good	OPG097:264-345	false
PP_000VBPK	https://pathoplexus.org/seq/PP_000VBPK	PP_000VBPK.1	https://pathoplexus.org/seq/PP_000VBPK.1	OP612688.1	https://www.ncbi.nlm.nih.gov/nuccore/OP612688.1	MPXV/104/19	2019-11-02	Africa	Nigeria			197087	Homo sapiens	2022-10-11	2024-12-09		Ndodo et al.	Ndodo, N.; Ashcroft, J.; Lewandowski, K.; Yinka-Ogunleye, A.; Chukwu, C.; Ahmad, A.; King, D.; Akinpelu, A.; Maluquer de Motes, C.; Ribeca, P.; Summer, R. P.; Rambaut, A.; Chester, M.; Maishman, T.; Babatunde, O.; Mba, N.; Aruna, O.; Pullan, S. T.; Gannon, B.; Brown, C.; Ihekweazu, C.; Adetifa, I.; Ulaeto, D. O.	Defence Science and Technology Laboratory, Chemical, Biological and Radiological Sciences	OPEN	https://pathoplexus.org/about/terms-of-use/open-data		IIb	hMPXV-1	A.1	0.997946341191325	5	32	0	good	good	good	good	good	OPG097:264-345	false
PP_000VLB1	https://pathoplexus.org/seq/PP_000VLB1	PP_000VLB1.1	https://pathoplexus.org/seq/PP_000VLB1.1	OP689684.1	https://www.ncbi.nlm.nih.gov/nuccore/OP689684.1	MPXV/Germany/2022/RKI531	2022-07-XX	Europe	Germany			197139	Homo sapiens	2022-10-20	2024-12-09		Brinkmann et al.	Brinkmann, A.; Kohl, C.; Pape, K.; Schrick, L.; Michel, J.; Schaade, L.; Nitsche, A.	Robert Koch Institute, Centre for Biological Threats, Highly Pathogenic Viruses	OPEN	https://pathoplexus.org/about/terms-of-use/open-data		IIb	hMPXV-1	B.1.1	0.9997363203504911	52	71	0	good	good	good	good	good		false
PP_000VLLG	https://pathoplexus.org/seq/PP_000VLLG	PP_000VLLG.1	https://pathoplexus.org/seq/PP_000VLLG.1	OP693651.1	https://www.ncbi.nlm.nih.gov/nuccore/OP693651.1	CUN_INS_MPX_0649_C	2022-08-23	South America	Colombia	Cundinamarca		187211	Homo sapiens	2022-10-21	2024-12-09		Laiton-Donato et al.	Laiton-Donato, K.; Alvarez-Diaz, D. A.; Franco-Munoz, C.; Ruiz-Moreno, H. A.; Rojas-Estevez, P.; Rosales, A.; Martinez, D.; Flores, A.; Prieto, F.; Walteros, D.; Gomez, S.; Mercado-Reyes, M.	Instituto Nacional de Salud, Direccion de Investigacion en Salud Publica	OPEN	https://pathoplexus.org/about/terms-of-use/open-data		IIb	hMPXV-1	B.1.16	0.7058805632602975	48043	52	0	mediocre	good	good	good	good		false
PP_000VWM4	https://pathoplexus.org/seq/PP_000VWM4	PP_000VWM4.2	https://pathoplexus.org/seq/PP_000VWM4.2	OP879767.1	https://www.ncbi.nlm.nih.gov/nuccore/OP879767.1	NJ-MPXV-054	2022-07-25	North America	USA	New Jersey		195584	Homo sapiens	2022-11-22	2025-02-03	SRR22321687	Palmateer et al.	Palmateer, N. C.	New Jersey Department of Health, Public Health and Environmental Laboratories	OPEN	https://pathoplexus.org/about/terms-of-use/open-data		IIb	hMPXV-1	B.1.2	0.8270109376346921	32559	60	0	mediocre	good	good	good	good		false
PP_000W3KZ	https://pathoplexus.org/seq/PP_000W3KZ	PP_000W3KZ.1	https://pathoplexus.org/seq/PP_000W3KZ.1	OP890567.1	https://www.ncbi.nlm.nih.gov/nuccore/OP890567.1	MPXV/Human/USA/CA-LACPHL-MA00310/2022	2022-11-09	North America	USA			195592	Homo sapiens	2022-11-24	2024-12-09		Hemarajata et al.	Hemarajata, P.; Green, N. M.; Garrigues, J. M.	Los Angeles County Public Health Laboratories, Los Angeles County Department of Public Health	OPEN	https://pathoplexus.org/about/terms-of-use/open-data		IIb	hMPXV-1	B.1.17	0.9909841842917919	230	72	0	good	good	good	good	good		false
PP_000W3WB	https://pathoplexus.org/seq/PP_000W3WB	PP_000W3WB.1	https://pathoplexus.org/seq/PP_000W3WB.1	OP894029.1	https://www.ncbi.nlm.nih.gov/nuccore/OP894029.1	MPXV/Germany/2022/ON/RKI609	2022-08-XX	Europe	Germany			190613	Homo sapiens	2022-11-25	2024-12-09		Brinkmann et al.	Brinkmann, A.; Kohl, C.; Pape, K.; Schrick, L.; Michel, J.; Schaade, L.; Nitsche, A.	Robert Koch Institute, Centre for Biological Threats, Highly Pathogenic Viruses	OPEN	https://pathoplexus.org/about/terms-of-use/open-data		IIb	hMPXV-1	B.1.1	0.9629225846690567	805	67	0	good	good	good	good	good		false
PP_000W67M	https://pathoplexus.org/seq/PP_000W67M	PP_000W67M.1	https://pathoplexus.org/seq/PP_000W67M.1	OP959057.1	https://www.ncbi.nlm.nih.gov/nuccore/OP959057.1	SUC-UNIMOL-MPX-293401-L	2022-11-10	South America	Colombia	Sucre CO		194977	Homo sapiens	2022-12-06	2024-12-09		Loyola et al.	Loyola, S.; Fernandez-Ruiz, M.; Torres-Pacheco, J.; Franco-Munoz, C.; Laiton-Donato, K.; Ruiz-Moreno, H.; Mercado-Reyes, M.; Gomez-Camargo, D.	Universidad de Cartagena, Laboratorio de Investigacion Molecular (UNIMOL)	OPEN	https://pathoplexus.org/about/terms-of-use/open-data		IIb	hMPXV-1	B.1.10	0.9453168973018473	8597	63	0	good	good	good	good	good		false
PP_000XBMK	https://pathoplexus.org/seq/PP_000XBMK	PP_000XBMK.1	https://pathoplexus.org/seq/PP_000XBMK.1	OQ469275.1	https://www.ncbi.nlm.nih.gov/nuccore/OQ469275.1	NY-NYCPHL-001101	2022-07-XX	North America	USA	Ny, New York City		195642	Homo sapiens	2023-02-26	2024-12-09		Clabby et al.	Clabby, T. T.; Amin, H. S.; Wang, J. C.; Taki, F.; Su, M.; Rahat, A.; De La Cruz, N.; Olsen, A.; Thi, C.; Silver, S.; Akther, S.; Chowdhury, M.; Omoregie, E.; Hughes, S.	NYC Department of Health and Mental Hygiene, Public Health Laboratory	OPEN	https://pathoplexus.org/about/terms-of-use/open-data		IIb	hMPXV-1	B.1.9	0.9850767459902946	1396	74	0	good	good	good	good	good		false
PP_000Y36N	https://pathoplexus.org/seq/PP_000Y36N	PP_000Y36N.1	https://pathoplexus.org/seq/PP_000Y36N.1	OR035721.1	https://www.ncbi.nlm.nih.gov/nuccore/OR035721.1	MPXV/UZ_REGA_115	2022-10-28	Europe	Belgium			197425	Homo sapiens	2023-05-29	2024-12-09		Wawina-Bokalanga et al.	Wawina-Bokalanga, T.; Vanmechelen, B.; Logist, A.-S.; Ysebaert, L.; Verlinden, J.; Horemans, M.; Van Holm, B.; Bloemen, M.; Maes, P.	KU Leuven, Microbiology, Immunology and Transplantation	OPEN	https://pathoplexus.org/about/terms-of-use/open-data		IIb	hMPXV-1	B.1.15	0.9884082369465896	2186	74	0	good	good	good	good	good		false
PP_000Y3CA	https://pathoplexus.org/seq/PP_000Y3CA	PP_000Y3CA.1	https://pathoplexus.org/seq/PP_000Y3CA.1	OR035726.1	https://www.ncbi.nlm.nih.gov/nuccore/OR035726.1	MPXV/UZ_REGA_120	2022-10-28	Europe	Belgium			197421	Homo sapiens	2023-05-29	2024-12-09		Wawina-Bokalanga et al.	Wawina-Bokalanga, T.; Vanmechelen, B.; Logist, A.-S.; Ysebaert, L.; Verlinden, J.; Horemans, M.; Van Holm, B.; Bloemen, M.; Maes, P.	KU Leuven, Microbiology, Immunology and Transplantation	OPEN	https://pathoplexus.org/about/terms-of-use/open-data		IIb	hMPXV-1	B.1.19	0.9989959890268699	98	72	0	good	good	good	good	good	OPG153:37-510	false
PP_000Y3V9	https://pathoplexus.org/seq/PP_000Y3V9	PP_000Y3V9.1	https://pathoplexus.org/seq/PP_000Y3V9.1	OR038724.1	https://www.ncbi.nlm.nih.gov/nuccore/OR038724.1	22V-07968_Cameroon	2022-10-13	Africa	Cameroon	Tombel		942	Homo sapiens	2024-05-21	2024-12-09		Djuicy et al.	Djuicy, D. D.; Sadeuh-Mba, S. A.; Bilounga, C. N.; Yonga, M. G.; Tchatchueng-Mbougua, J. B.; Essima, G. D.; Esso, L.; Nguidjol, I. M. E.; Metomb, S. F.; Chebo, C.; Agwe, S. M.; Ankone, P. A.; Ngonla, F. N. N.; Mossi, H. M.; Etoundi, A. G. M.; Eyangoh, S. I.; Kazanji, M.; Njouom, R.; Tchatchueng, J. T.; Emah, I. M.; Metom, S. F.; Agwe, S.; Ngongla, F.; Mossi, H. D.; Etoundi, A. G.	Centre Pasteur du Cameroun, Virology	OPEN	https://pathoplexus.org/about/terms-of-use/open-data		IIb			0.004776658266103474	0	0	0	good	good	good	good	good		false
PP_000Y47K	https://pathoplexus.org/seq/PP_000Y47K	PP_000Y47K.1	https://pathoplexus.org/seq/PP_000Y47K.1	OR086948.1	https://www.ncbi.nlm.nih.gov/nuccore/OR086948.1	MPXV/UZ_REGA_139/Belgium/2022	2022-07-05	Europe	Belgium			194790	Homo sapiens	2023-06-11	2024-12-09		Vanmechelen et al.	Vanmechelen, B.; Wawina-Bokalanga, T.; Logist, A.-S.; Sinnesael, R.; Ysebaert, L.; Verlinden, J.; Van Holm, B.; Bloemen, M.; Maes, P.	KU Leuven, Microbiology, Immunology and Transplantation	OPEN	https://pathoplexus.org/about/terms-of-use/open-data		IIb	hMPXV-1	B.1	0.9837684892677312	463	64	0	good	good	good	good	good		false
PP_000Y5KT	https://pathoplexus.org/seq/PP_000Y5KT	PP_000Y5KT.1	https://pathoplexus.org/seq/PP_000Y5KT.1	OR086995.1	https://www.ncbi.nlm.nih.gov/nuccore/OR086995.1	MPXV/UZ_REGA_186/Belgium/2022	2022-08-03	Europe	Belgium			194407	Homo sapiens	2023-06-11	2024-12-09		Wawina-Bokalanga et al.	Wawina-Bokalanga, T.; Vanmechelen, B.; Logist, A.-S.; Bloemen, M.; Maes, P.	KU Leuven, Microbiology, Immunology and Transplantation	OPEN	https://pathoplexus.org/about/terms-of-use/open-data		IIb	hMPXV-1	B.1.14	0.9825971431324129	314	67	0	good	good	good	good	good		false
PP_000YJ83	https://pathoplexus.org/seq/PP_000YJ83	PP_000YJ83.1	https://pathoplexus.org/seq/PP_000YJ83.1	OR381835.1	https://www.ncbi.nlm.nih.gov/nuccore/OR381835.1	Monkeypox/PT0638/2023	2023-06-27	Europe	Portugal			195595	Homo sapiens	2023-08-07	2024-12-09		Isidro et al.	Isidro, J.; Borges, V.; Pinto, M.; Sobral, D.; Santos, J.; Nunes, A.; Mixao, V.; Ferreira, R.; Santos, D.; Duarte, S.; Vieira, L.; Borrego, M. J.; Nuncio, S.; Lopes de Carvalho, I.; Pelerito, A.; Cordeiro, R.; Gomes, J. P.	National Institute of Health Doutor Ricardo Jorge, Portugal (INSA), Department of Infectious Diseases	OPEN	https://pathoplexus.org/about/terms-of-use/open-data		IIb	hMPXV-1	C.1.1	0.9841589379795039	1514	82	0	good	good	good	good	good		false
PP_000YP46	https://pathoplexus.org/seq/PP_000YP46	PP_000YP46.2	https://pathoplexus.org/seq/PP_000YP46.2	OR459777.1	https://www.ncbi.nlm.nih.gov/nuccore/OR459777.1	MPXV-ROK-P004-2022	2022-11-22	Asia	South Korea			197175	Homo sapiens	2023-08-26	2025-02-03	SRR25627335	Chung et al.	Chung, Y.-S.; Yi, H.; Choi, M.-M.; Kim, J.-W.; Lee, M.; Lee, S.; Sim, G.; Lee, J. H.; Shin, H.; Choi, C.	Korea Disease Control and Prevention Agency, Division of High-risk Pathogens	OPEN	https://pathoplexus.org/about/terms-of-use/open-data		IIb	hMPXV-1	H.1	1	0	44	0	good	good	good	good	good	OPG174:290-347	false
PP_000YP9W	https://pathoplexus.org/seq/PP_000YP9W	PP_000YP9W.2	https://pathoplexus.org/seq/PP_000YP9W.2	OR459782.1	https://www.ncbi.nlm.nih.gov/nuccore/OR459782.1	MPXV-ROK-P009-2023	2023-04-12	Asia	South Korea			197193	Homo sapiens	2023-08-26	2025-02-03	SRR25627320	Chung et al.	Chung, Y.-S.; Yi, H.; Choi, M.-M.; Kim, J.-W.; Lee, M.; Lee, S.; Sim, G.; Lee, J. H.; Shin, H.; Choi, C.	Korea Disease Control and Prevention Agency, Division of High-risk Pathogens	OPEN	https://pathoplexus.org/about/terms-of-use/open-data		IIb	hMPXV-1	C.1	1	0	76	0	good	good	good	good	good		false
PP_000YTWH	https://pathoplexus.org/seq/PP_000YTWH	PP_000YTWH.1	https://pathoplexus.org/seq/PP_000YTWH.1	OR499956.1	https://www.ncbi.nlm.nih.gov/nuccore/OR499956.1	MPXV/Human/USA/CA-LACPHL-MA00499/2023	2023-04-30	North America	USA			196278	Homo sapiens	2023-09-05	2024-12-09		Garrigues et al.	Garrigues, J. M.; Green, N. M.	Los Angeles County Public Health Laboratories	OPEN	https://pathoplexus.org/about/terms-of-use/open-data		IIb	hMPXV-1	B.1.20	0.9876222687605535	1586	71	0	good	good	good	good	good		false
PP_000YV24	https://pathoplexus.org/seq/PP_000YV24	PP_000YV24.1	https://pathoplexus.org/seq/PP_000YV24.1	OR499996.1	https://www.ncbi.nlm.nih.gov/nuccore/OR499996.1	MPXV/Human/USA/CA-LACPHL-MA00540/2023	2023-07-01	North America	USA			194188	Homo sapiens	2023-09-05	2024-12-09		Garrigues et al.	Garrigues, J. M.; Green, N. M.	Los Angeles County Public Health Laboratories	OPEN	https://pathoplexus.org/about/terms-of-use/open-data		IIb	hMPXV-1	B.1.21	0.979696666987815	1050	73	2	good	good	good	good	good		false
PP_000YVFC	https://pathoplexus.org/seq/PP_000YVFC	PP_000YVFC.1	https://pathoplexus.org/seq/PP_000YVFC.1	OR500069.1	https://www.ncbi.nlm.nih.gov/nuccore/OR500069.1	hMpxV/Romania/B-6/2022	2022-06-28	Europe	Romania			190457	Homo sapiens	2023-09-05	2024-12-09		Hohan et al.	Hohan, R.; Vlaicu, O.; Banica, L.; Surleac, M.; Paraschiv, S.; Otelea, D.	National Institute for Infectious Diseases 'Matei Bals', Molecular Diagnostics Laboratory	OPEN	https://pathoplexus.org/about/terms-of-use/open-data		IIb	hMPXV-1	B.1.1	0.9667104442495018	167	946	0	good	good	bad	bad	mediocre	OPG016:175-177,OPG015_dup:3-10,OPG015_dup:13-15,OPG015_dup:25-43,OPG015_dup:57-59,OPG015_dup:65-67,OPG015_dup:76-80,OPG015_dup:86,OPG015_dup:100,OPG015_dup:106-118,OPG015_dup:122-137,OPG015_dup:143-160,OPG015_dup:163-164,OPG015_dup:171-178,OPG015_dup:187-200,OPG015_dup:203-222,OPG015_dup:233-236,OPG015_dup:247-268,OPG015_dup:282-284,OPG015_dup:291-295,OPG015_dup:304-316,OPG015_dup:328-348,OPG015_dup:353-363,OPG015_dup:368-393,OPG015_dup:405-411,OPG015_dup:417-424,OPG015_dup:433-438,OPG003_dup:3-15,OPG003_dup:24-32,OPG003_dup:40-49,OPG003_dup:58-61,OPG003_dup:80-106,OPG003_dup:117-123,OPG003_dup:128-144,OPG003_dup:152-154,OPG003_dup:157-158,OPG003_dup:166-210,OPG003_dup:215-224,OPG003_dup:229-230,OPG003_dup:248-291,OPG003_dup:308-348,OPG003_dup:372-461,OPG003_dup:484-494,OPG003_dup:531-535,OPG003_dup:542-568,OPG003_dup:575-589,OPG002_dup:20-85,OPG002_dup:105-117,OPG002_dup:127-129,OPG002_dup:204-215,OPG002_dup:240-250,OPG002_dup:255-257,OPG002_dup:270-296,OPG002_dup:307-308,OPG001_dup:42-47,OPG001_dup:88-89,OPG001_dup:99-166	false
PP_000YXRP	https://pathoplexus.org/seq/PP_000YXRP	PP_000YXRP.1	https://pathoplexus.org/seq/PP_000YXRP.1	OR743496.1	https://www.ncbi.nlm.nih.gov/nuccore/OR743496.1	MPXV/Germany/2023/ON/RKI1027	2023-10-XX	Europe	Germany			190602	Homo sapiens	2023-11-05	2024-12-09		Brinkmann et al.	Brinkmann, A.; Kohl, C.; Schrick, L.; Michel, J.; Schaade, L.; Nitsche, A.	Robert Koch Institute, Centre for Biological Threats, Highly Pathogenic Viruses	OPEN	https://pathoplexus.org/about/terms-of-use/open-data		IIb	hMPXV-1	E.1	0.9570506417049932	1929	76	0	good	good	good	good	good		false
PP_000YXZ7	https://pathoplexus.org/seq/PP_000YXZ7	PP_000YXZ7.1	https://pathoplexus.org/seq/PP_000YXZ7.1	OR759148.1	https://www.ncbi.nlm.nih.gov/nuccore/OR759148.1	hMpxV/Canada/ON-PHOL052/2022	2022-08-01	North America	Canada	On		196775	Homo sapiens	2023-11-08	2024-12-09		Isabel et al.	Isabel, S.; Eshaghi, A.; Duvvuri, V. R.; Gubbay, J. B.; Cronin, K.; Li, A.; Hasso, M.; Clark, S. T.; Hopkins, J. P.; Patel, S. N.; Braukmann, T. W. A.	Public Health Ontario, Microbiology and Laboratory Science	OPEN	https://pathoplexus.org/about/terms-of-use/open-data		IIb	hMPXV-1	B.1.4	0.9978804212789477	2	73	0	good	good	good	good	good		false
PP_000Z14S	https://pathoplexus.org/seq/PP_000Z14S	PP_000Z14S.1	https://pathoplexus.org/seq/PP_000Z14S.1	OR777677.1	https://www.ncbi.nlm.nih.gov/nuccore/OR777677.1	MPXV/Germany/2023/ON/RKI1039	2023-10-XX	Europe	Germany			190641	Homo sapiens	2023-11-13	2024-12-09		Brinkmann et al.	Brinkmann, A.; Kohl, C.; Schrick, L.; Michel, J.; Schaade, L.; Nitsche, A.	Robert Koch Institute, Centre for Biological Threats, Highly Pathogenic Viruses	OPEN	https://pathoplexus.org/about/terms-of-use/open-data		IIb	hMPXV-1	E.3	0.9657013625138812	263	77	0	good	good	good	good	good		false
PP_000Z1X5	https://pathoplexus.org/seq/PP_000Z1X5	PP_000Z1X5.1	https://pathoplexus.org/seq/PP_000Z1X5.1	OR804482.1	https://www.ncbi.nlm.nih.gov/nuccore/OR804482.1	MPV/PT0713/2023	2023-08-21	Europe	Portugal			196287	Homo sapiens	2023-11-20	2024-12-09		Isidro et al.	Isidro, J.; Borges, V.; Pinto, M.; Sobral, D.; Santos, J.; Nunes, A.; Mixao, V.; Ferreira, R.; Santos, D.; Duarte, S.; Vieira, L.; Borrego, M. J.; Nuncio, S.; Lopes de Carvalho, I.; Pelerito, A.; Cordeiro, R.; Gomes, J. P.	National Institute of Health Doutor Ricardo Jorge, Portugal (INSA), Department of Infectious Diseases	OPEN	https://pathoplexus.org/about/terms-of-use/open-data		IIb	hMPXV-1	E.3	0.9559807108194859	7769	84	0	good	good	good	good	good		false
PP_000Z3RF	https://pathoplexus.org/seq/PP_000Z3RF	PP_000Z3RF.1	https://pathoplexus.org/seq/PP_000Z3RF.1	OR902387.1	https://www.ncbi.nlm.nih.gov/nuccore/OR902387.1	MPXV-ROK-P1-2023	2023-XX-XX	Asia	China			197193	Homo sapiens	2024-12-01	2024-12-09		Dong et al.	Dong, D.; Li, C.; Zhu, Y.	The Affiliated Hospital of Qingdao University, Department of Laboratory Medicine	OPEN	https://pathoplexus.org/about/terms-of-use/open-data		IIb	hMPXV-1	E.3	1	0	88	0	good	good	good	good	good		false
PP_000Z6ML	https://pathoplexus.org/seq/PP_000Z6ML	PP_000Z6ML.1	https://pathoplexus.org/seq/PP_000Z6ML.1	PP025008.1	https://www.ncbi.nlm.nih.gov/nuccore/PP025008.1	MPXV/PT0764/2023	2023-10-13	Europe	Portugal			196449	Homo sapiens	2023-12-27	2024-12-09		Isidro et al.	Isidro, J.; Borges, V.; Pinto, M.; Sobral, D.; Santos, J.; Nunes, A.; Mixao, V.; Ferreira, R.; Santos, D.; Duarte, S.; Vieira, L.; Borrego, M.; Nuncio, S.; Lopes de Carvalho, I.; Pelerito, A.; Cordeiro, R.; Gomes, J. P.	National Institute of Health Doutor Ricardo Jorge, Portugal (INSA), Department of Infectious Diseases	OPEN	https://pathoplexus.org/about/terms-of-use/open-data		IIb	hMPXV-1	E.2	0.9419701940580805	10698	82	0	good	good	good	good	good		false
PP_000Z7C4	https://pathoplexus.org/seq/PP_000Z7C4	PP_000Z7C4.1	https://pathoplexus.org/seq/PP_000Z7C4.1	PP025033.1	https://www.ncbi.nlm.nih.gov/nuccore/PP025033.1	MPXV/PT0798/2023	2023-11-16	Europe	Portugal			195809	Homo sapiens	2023-12-27	2024-12-09		Isidro et al.	Isidro, J.; Borges, V.; Pinto, M.; Sobral, D.; Santos, J.; Nunes, A.; Mixao, V.; Ferreira, R.; Santos, D.; Duarte, S.; Vieira, L.; Borrego, M.; Nuncio, S.; Lopes de Carvalho, I.; Pelerito, A.; Cordeiro, R.; Gomes, J. P.	National Institute of Health Doutor Ricardo Jorge, Portugal (INSA), Department of Infectious Diseases	OPEN	https://pathoplexus.org/about/terms-of-use/open-data		IIb	hMPXV-1	E.1	0.9801885309493988	2511	88	0	good	good	good	good	good		false
PP_000ZBMF	https://pathoplexus.org/seq/PP_000ZBMF	PP_000ZBMF.1	https://pathoplexus.org/seq/PP_000ZBMF.1	PP481199.1	https://www.ncbi.nlm.nih.gov/nuccore/PP481199.1	MPXV/PT0821/2024	2024-02-15	Europe	Portugal			195693	Homo sapiens	2024-03-19	2024-12-09		Isidro et al.	Isidro, J.; Borges, V.; Pinto, M.; Sobral, D.; Santos, J.; Nunes, A.; Mixao, V.; Ferreira, R.; Santos, D.; Duarte, S.; Vieira, L.; Borrego, M. J.; Nuncio, S.; Lopes de Carvalho, I.; Pelerito, A.; Cordeiro, R.; Gomes, J. P.	National Institute of Health Doutor Ricardo Jorge, Portugal (INSA), Department of Infectious Diseases	OPEN	https://pathoplexus.org/about/terms-of-use/open-data		IIb	hMPXV-1	E.1	0.9866385408373857	1123	91	0	good	good	good	good	good		false
PP_000ZDA2	https://pathoplexus.org/seq/PP_000ZDA2	PP_000ZDA2.1	https://pathoplexus.org/seq/PP_000ZDA2.1	PP533294.1	https://www.ncbi.nlm.nih.gov/nuccore/PP533294.1	NY-NYCPHL-001229	2023-10-XX	North America	USA	Ny, New York City		195665	Homo sapiens	2024-03-31	2024-12-09		Clabby et al.	Clabby, T. T.; Wang, J. C.; Amin, H. S.; Taki, F.; Su, M.; De La Cruz, N.; Olsen, A.; Thi, C.; Silver, S.; Akther, S.; Chowdhury, M.; Omoregie, E.; Siemetzki-Kapoor, U.	NYC Department of Health and Mental Hygiene, Public Health Laboratory	OPEN	https://pathoplexus.org/about/terms-of-use/open-data		IIb	hMPXV-1	F.5	0.9849195523530874	1439	78	1	good	good	good	good	good		false
PP_000ZJTW	https://pathoplexus.org/seq/PP_000ZJTW	PP_000ZJTW.1	https://pathoplexus.org/seq/PP_000ZJTW.1	PP751815.1	https://www.ncbi.nlm.nih.gov/nuccore/PP751815.1	NY-NYCPHL-001290	2024-02-XX	North America	USA	Ny, New York City		195909	Homo sapiens	2024-05-08	2024-12-09		Clabby et al.	Clabby, T.; Amin, H. S.; Taki, F.; Su, M.; Wang, J. C.; De La Cruz, N.; Olsen, A.; Thi, C.; Akther, S.; Chowdhury, M.; Omoregie, E.; Polanco, M.; Chen, X.	NYC Department of Health and Mental Hygiene, Public Health Laboratory	OPEN	https://pathoplexus.org/about/terms-of-use/open-data		IIb	hMPXV-1	F.1	0.9455045155139978	9456	84	1	good	good	good	good	good		false
PP_000ZPM3	https://pathoplexus.org/seq/PP_000ZPM3	PP_000ZPM3.1	https://pathoplexus.org/seq/PP_000ZPM3.1	PP853026.1	https://www.ncbi.nlm.nih.gov/nuccore/PP853026.1	TRM332	2022-10-12	Africa	Nigeria	Anambra		197111	Homo sapiens	2024-07-09	2024-12-09		Parker et al.	Parker, E.; Omah, I. F.; Varilly, P.; Magee, A.; Ayinla, A. O.; Sijuwola, A. E.; Ahmed, M. I.; Ope-ewe, O. O.; Ogunsanya, O. A.; Olono, A.; Eromon, P.; Tomkins-Tinch, C. H.; Otieno, J. R.; Akanbi, O.; Egwuenu, A.; Ehiakhamen, O.; Chukwu, C.; Suleiman, K.; Akinpelu, A.; Ahmad, A.; Imam, K. I.; Ojedele, R.; Oripenaye, V.; Ikeata, K.; Adelakun, S.; Olajumoke, B.; Djuicy, D. D.; Messanga Essengue, L. L.; Moumbeket Yifomnjou, M. H.; Zeller, M.; Gangavarapu, K.; O'Toole, A.; Park, D. J.; Mboowa, G.; Tessema, S. K.; Tebeje, Y. K.; Folarin, O.; Happi, A.; Lemey, P.; Suchard, M. A.; Andersen, K. G.; Sabeti, P.; Rambaut, A.; Njoum, R.; Ihekweazu, C.; Jide, I.; Adetifa, I.; Happi, C. T.; Omah, I.; Isa Imam, K.; Tomkins-Tinch, C.; Richard Otieno, J.; Doreen Djuicy, D.; Landry Messanga Essengue, L.; Henri Moumbeket Yifomnjou, M.; Moneyang Francoise Cely, F.; Flavien, K.; Cyrielle Gonofio, E.; Anne Feissona Senam, R.; Dzeret Indolo, G.; Reize Bani Ampiri, V.; Aymard, D.; Luakanda, G.; J Park, D.; Lemmey, P.; Suchard, M.; Andersen, K.; Mbala, P.; Happi, C.	University of Edinburgh, Institute of Ecology and Evolution	OPEN	https://pathoplexus.org/about/terms-of-use/open-data		IIb	hMPXV-1	A.2.1	0.9945235765101998	1078	44	2	good	good	good	good	good	OPG174:49-347	false
PP_000ZQ51	https://pathoplexus.org/seq/PP_000ZQ51	PP_000ZQ51.1	https://pathoplexus.org/seq/PP_000ZQ51.1	PP853038.1	https://www.ncbi.nlm.nih.gov/nuccore/PP853038.1	TRM344	2022-10-26	Africa	Nigeria	Edo		197075	Homo sapiens	2024-07-09	2024-12-09		Parker et al.	Parker, E.; Omah, I. F.; Varilly, P.; Magee, A.; Ayinla, A. O.; Sijuwola, A. E.; Ahmed, M. I.; Ope-ewe, O. O.; Ogunsanya, O. A.; Olono, A.; Eromon, P.; Tomkins-Tinch, C. H.; Otieno, J. R.; Akanbi, O.; Egwuenu, A.; Ehiakhamen, O.; Chukwu, C.; Suleiman, K.; Akinpelu, A.; Ahmad, A.; Imam, K. I.; Ojedele, R.; Oripenaye, V.; Ikeata, K.; Adelakun, S.; Olajumoke, B.; Djuicy, D. D.; Messanga Essengue, L. L.; Moumbeket Yifomnjou, M. H.; Zeller, M.; Gangavarapu, K.; O'Toole, A.; Park, D. J.; Mboowa, G.; Tessema, S. K.; Tebeje, Y. K.; Folarin, O.; Happi, A.; Lemey, P.; Suchard, M. A.; Andersen, K. G.; Sabeti, P.; Rambaut, A.; Njoum, R.; Ihekweazu, C.; Jide, I.; Adetifa, I.; Happi, C. T.; Omah, I.; Isa Imam, K.; Tomkins-Tinch, C.; Richard Otieno, J.; Doreen Djuicy, D.; Landry Messanga Essengue, L.; Henri Moumbeket Yifomnjou, M.; Moneyang Francoise Cely, F.; Flavien, K.; Cyrielle Gonofio, E.; Anne Feissona Senam, R.; Dzeret Indolo, G.; Reize Bani Ampiri, V.; Aymard, D.; Luakanda, G.; J Park, D.; Lemmey, P.; Suchard, M.; Andersen, K.; Mbala, P.; Happi, C.	University of Edinburgh, Institute of Ecology and Evolution	OPEN	https://pathoplexus.org/about/terms-of-use/open-data		IIb	hMPXV-1	A.3	0.9987627339523044	233	85	11	good	good	good	mediocre	good	OPG113:756-757,OPG113:785-846,OPG174:2-347,OPG190:225-246	false
PP_000ZVH5	https://pathoplexus.org/seq/PP_000ZVH5	PP_000ZVH5.1	https://pathoplexus.org/seq/PP_000ZVH5.1	PQ153195.1	https://www.ncbi.nlm.nih.gov/nuccore/PQ153195.1	hMPXV/Australia/VIC-3576/2024	2024-07-04	Oceania	Australia	Victoria		197161	Homo sapiens	2024-10-03	2024-12-09		Edenborough et al.	Edenborough, K.; Aziz, A.; Sexton-Oates, N.; Savic, I.; Steinig, E.; Quinn, B.; Ivan, M.; Arnott, A.; Caly, L.; Lim, C. K.	Melbourne Health, VIDRL	OPEN	https://pathoplexus.org/about/terms-of-use/open-data		IIb	hMPXV-1	F.2	0.9489120679076513	10075	81	0	good	good	good	good	good		false
PP_000ZWBH	https://pathoplexus.org/seq/PP_000ZWBH	PP_000ZWBH.2	https://pathoplexus.org/seq/PP_000ZWBH.2	PQ153226.1	https://www.ncbi.nlm.nih.gov/nuccore/PQ153226.1	hMpxV/THA/V241-0052/2023	2023-09-XX	Asia	Thailand			197176	Homo sapiens	2024-08-14	2025-06-07		Namporn et al.	Namporn, T.; Manopwisedjaroen, S.; Ngodngamthaweesuk, M.; Pasomsub, E.; Jiravejchakul, N.; Saengfak, R.; Nealiga, M. J. L.; Sea-be, A.; Basu, A.; Naruphontjirakul, P.; Hongeng, S.; Tetley, T. D.; Thitithanyanont, A.; Ruenraroengsak, P.	Mahidol University, Microbiology	OPEN	https://pathoplexus.org/about/terms-of-use/open-data		IIb	hMPXV-1	C.1.3	1	0	79	0	good	good	good	good	good		false
PP_000ZZF6	https://pathoplexus.org/seq/PP_000ZZF6	PP_000ZZF6.1	https://pathoplexus.org/seq/PP_000ZZF6.1	PQ160007.1	https://www.ncbi.nlm.nih.gov/nuccore/PQ160007.1	hMpxV/USA/CA-CDPH-1M1000498/2024	2024-01-26	North America	USA			196370	Homo sapiens	2024-08-14	2024-12-09		Kath et al.	Kath, C.; Haw, M.; Espinosa, A.; Hacker, J.	CDPH, VRDL	OPEN	https://pathoplexus.org/about/terms-of-use/open-data		IIb	hMPXV-1	F.6	0.9453219680643379	10009	83	0	good	good	good	good	good		false
PP_00102SC	https://pathoplexus.org/seq/PP_00102SC	PP_00102SC.2	https://pathoplexus.org/seq/PP_00102SC.2	PQ207093.2	https://www.ncbi.nlm.nih.gov/nuccore/PQ207093.2	Monkeypox virus/Human/USA/CA-LACPHL-MA00653/2024	2024-07-29	North America	USA			195822	Homo sapiens	2024-08-20	2025-10-01		Heibeck et al.	Heibeck, N.	Los Angeles Department of Public Health, Los Angeles Department of Public Health Laboratory	OPEN	https://pathoplexus.org/about/terms-of-use/open-data		IIb	hMPXV-1	F.3	0.980609404236115	2524	91	5	good	good	good	good	good		false
PP_00102V6	https://pathoplexus.org/seq/PP_00102V6	PP_00102V6.1	https://pathoplexus.org/seq/PP_00102V6.1	PQ211174.1	https://www.ncbi.nlm.nih.gov/nuccore/PQ211174.1	Monkeypox/PT0826/2024	2024-08-06	Europe	Portugal			195606	Homo sapiens	2024-08-21	2024-12-09		Isidro et al.	Isidro, J.; Borges, V.; Pinto, M.; Sobral, D.; Santos, J.; Nunes, A.; Mixao, V.; Ferreira, R.; Santos, D.; Duarte, S.; Vieira, L.; Borrego, M. J.; Nuncio, S.; Lopes de Carvalho, I.; Pelerito, A.; Cordeiro, R.; Gomes, J. P.	National Institute of Health Doutor Ricardo Jorge, Portugal (INSA), Department of Infectious Diseases	OPEN	https://pathoplexus.org/about/terms-of-use/open-data		IIb	hMPXV-1	D.1	0.938689410726691	10495	85	0	good	good	good	good	good		false
PP_00103C6	https://pathoplexus.org/seq/PP_00103C6	PP_00103C6.1	https://pathoplexus.org/seq/PP_00103C6.1	PQ218885.1	https://www.ncbi.nlm.nih.gov/nuccore/PQ218885.1	hMpxV/USA/CA-CDPH-1M1000425/2023	2023-09-26	North America	USA			196390	Homo sapiens	2024-08-22	2024-12-09		Kath et al.	Kath, C.; Haw, M.; Espinosa, A.; Hacker, J.	CDPH, VRDL	OPEN	https://pathoplexus.org/about/terms-of-use/open-data		IIb	hMPXV-1	B.1.20	0.9885147229588913	1513	77	0	good	good	good	good	good	OPG209:84-191	false
PP_0010EER	https://pathoplexus.org/seq/PP_0010EER	PP_0010EER.2	https://pathoplexus.org/seq/PP_0010EER.2	PQ358794.2	https://www.ncbi.nlm.nih.gov/nuccore/PQ358794.2	Monkeypox virus/Human/USA/CA-LACPHL-MA00666/2024	2024-08-23	North America	USA			194744	Homo sapiens	2024-09-23	2025-10-01		Heibeck et al.	Heibeck, N.	Los Angeles County Department of Public Health, Los Angeles County Department of Public Health Laboratory	OPEN	https://pathoplexus.org/about/terms-of-use/open-data		IIb	hMPXV-1	F.1	0.9746157629722781	2599	81	1	good	good	good	good	good		false
PP_0010H3A	https://pathoplexus.org/seq/PP_0010H3A	PP_0010H3A.1	https://pathoplexus.org/seq/PP_0010H3A.1	PQ499041.1	https://www.ncbi.nlm.nih.gov/nuccore/PQ499041.1	MPXV/Germany/2024/ON/RKI1139	2024-10-XX	Europe	Germany			190608	Homo sapiens	2024-10-24	2024-12-09		Brinkmann et al.	Brinkmann, A.; Kohl, C.; Schrick, L.; Michel, J.; Schaade, L.; Nitsche, A.	Robert Koch Institute, Centre for Biological Threats, Highly Pathogenic Viruses	OPEN	https://pathoplexus.org/about/terms-of-use/open-data		IIb	hMPXV-1	F.2.1	0.9643423981664123	521	83	0	good	good	good	good	good	OPG176:174-241	false
PP_0010HKB	https://pathoplexus.org/seq/PP_0010HKB	PP_0010HKB.1	https://pathoplexus.org/seq/PP_0010HKB.1	PQ520553.1	https://www.ncbi.nlm.nih.gov/nuccore/PQ520553.1	NY-NYCPHL-0001374	2024-08-XX	North America	USA	Ny, New York City		195654	Homo sapiens	2024-10-28	2024-12-09		Taki et al.	Taki, F.; Akhter, S.; Amin, H.; Bologna, J.; De La Cruz, N.; Olsen, A.; Chowdhury, M.; Chen, X.; Polanco, M.; Omoregie, E.; Siemetzki-Kapoor, U.	NYC Department of Health and Mental Hygiene, Public Health Laboratory	OPEN	https://pathoplexus.org/about/terms-of-use/open-data		IIb	hMPXV-1	F.1	0.9623800130825673	5874	85	0	good	good	good	good	good		false
PP_00112ZW	https://pathoplexus.org/seq/PP_00112ZW	PP_00112ZW.1	https://pathoplexus.org/seq/PP_00112ZW.1	PV008668.1	https://www.ncbi.nlm.nih.gov/nuccore/PV008668.1	MPXV/Germany/2024/ON/RKI1179	2024-11-XX	Europe	Germany			190617	Homo sapiens	2025-01-23	2025-01-23		Brinkmann et al.	Brinkmann, A.; Kohl, C.; Schrick, L.; Michel, J.; Schaade, L.; Nitsche, A.	Robert Koch Institute, Centre for Biological Threats, Highly Pathogenic Viruses	OPEN	https://pathoplexus.org/about/terms-of-use/open-data		IIb	hMPXV-1	D.1	0.9636020668427911	667	84	0	good	good	good	good	good		false
PP_00140QA	https://pathoplexus.org/seq/PP_00140QA	PP_00140QA.1	https://pathoplexus.org/seq/PP_00140QA.1	OZ235139.1	https://www.ncbi.nlm.nih.gov/nuccore/OZ235139.1	hMpxV/CAR/24-266/Lobaye/Mbaiki/Mbaiki/24-08-2024	2024-08-24	Africa	Central African Republic	Lobaye	Mbaiki	190472	Homo sapiens	2025-02-21	2025-02-21		Malaka et al.	Malaka, Christian; Patrono, Livia Victoria; Tombolomako, Thais Berenger; Farra, Ella; Garba-Ouangole, Sandra; Sibiro-Demi, Ornella; Loerke, Jenny; Mbrenga, Festus; Singa Niatou, Frederic Stephane; Rambaut, Andrew; Lemey, Philippe; Calvignac-Spencer, Sebastien; Nakoune, Emmanuel; Somse, Pierre; Leendertz, Fabian; Boum II, Yap	Genomic Surveillance Platform, Insitut Pasteur de Bangui, Bagui, Central African Republic; Department of Ecology and Emergence of Zoonotic Diseases, Helmholtz Institute for One Health, Greifswald, Germany; Department of Ecology and Emergence of Zoonotic Diseases, Helmholtz Institute for One Health, Greifswald, Germany; Genomic Surveillance Platform, Insitut Pasteur de Bangui, Bagui, Central African Republic; Genomic Surveillance Platform, Insitut Pasteur de Bangui, Bagui, Central African Republic; Genomic Surveillance Platform, Insitut Pasteur de Bangui, Bagui, Central African Republic; Department of Pathogen Evolution, Helmholtz Institute for One Health, Greifswald, Germany; Insttut Pasteur de Bangui, Bangui, Central African Republic; World Wide Fund for Nature, Bayanga, Central African Republic; Institute of Evolutionary Biology, University of Edinburgh, Edinburgh, Scotland; Department of Microbiology, Immunology and Transplantation, Rega Institute, Laboratory for Clinical and Epidemiological Virology, KU Leuven, Leuven, Belgium;  Department of Pathogen Evolution, Helmholtz Institute for One Health, Greifswald, Germany; Ministère de la Santé et de la Population, Bangui, Central African Republic; Institut Pasteur de Bangui, Bangui, Central African Republic; Institut Pasteur de Bangui, Bangui, Central African Republic	OPEN	https://pathoplexus.org/about/terms-of-use/open-data		Ia			0.9674355632856513	0	799	0	good	good	good	mediocre	good	OPG047:477-483,OPG050:71-76,OPG164:229,OPG180:556-560,OPG191:167-169,OPG003_dup:4-589	false
PP_00144ZN	https://pathoplexus.org/seq/PP_00144ZN	PP_00144ZN.1	https://pathoplexus.org/seq/PP_00144ZN.1	PV173508.1	https://www.ncbi.nlm.nih.gov/nuccore/PV173508.1	MPXV/Germany/2025/ON/RKI1243	2025-01-XX	Europe	Germany			190627	Homo sapiens	2025-02-25	2025-02-25		Brinkmann et al.	Brinkmann, A.; Kohl, C.; Schrick, L.; Michel, J.; Schaade, L.; Nitsche, A.	Robert Koch Institute, Centre for Biological Threats, Highly Pathogenic Viruses	OPEN	https://pathoplexus.org/about/terms-of-use/open-data		IIb	hMPXV-1	E.1.1	0.9655999472640701	272	95	0	good	good	good	good	good		false
PP_0015B36	https://pathoplexus.org/seq/PP_0015B36	PP_0015B36.1	https://pathoplexus.org/seq/PP_0015B36.1			hMpxV/Chad/YPCH-81/2024	2024-12-11	Africa	Chad			1433		2025-04-05	2025-04-05		Wannigama et al.	Wannigama, DhammikaL; Amarasiri, Mohan; Abe, Shuichi; Hongsing, Parichart	Department of Infectious Diseases and Infection Control, Yamagata Prefectural Central Hospital, Yamagata, Japan	RESTRICTED	https://pathoplexus.org/about/terms-of-use/restricted-data	2026-04-05	IIb	hMPXV-1	A.2	0.007266402648966325	0	1	0	good	good	good	good	good		false
PP_0015EM0	https://pathoplexus.org/seq/PP_0015EM0	PP_0015EM0.1	https://pathoplexus.org/seq/PP_0015EM0.1			hMpxV/Iraq/YPCH-202/2024	2024-12-18	Asia	Iraq			1433		2025-04-05	2025-04-05		Wannigama et al.	Wannigama, DhammikaL; Amarasiri, Mohan; Abe, Shuichi; Hongsing, Parichart	Department of Infectious Diseases and Infection Control, Yamagata Prefectural Central Hospital, Yamagata, Japan	RESTRICTED	https://pathoplexus.org/about/terms-of-use/restricted-data	2026-04-05	IIb	hMPXV-1	A.1.1	0.007266402648966325	0	2	0	good	good	good	good	good		false
PP_002XQXJ	https://pathoplexus.org/seq/PP_002XQXJ	PP_002XQXJ.1	https://pathoplexus.org/seq/PP_002XQXJ.1	PV643769.1	https://www.ncbi.nlm.nih.gov/nuccore/PV643769.1	MPXV/Germany/2025/ON/RKI1363	2025-05-XX	Europe	Germany			190634	Homo sapiens	2025-05-15	2025-05-28		Brinkmann et al.	Brinkmann, A.; Kohl, C.; Schrick, L.; Michel, J.; Schaade, L.; Nitsche, A.	Robert Koch Institute, Centre for Biological Threats, Highly Pathogenic Viruses	OPEN	https://pathoplexus.org/about/terms-of-use/open-data		IIb	hMPXV-1	E.3.1	0.9644894502786384	499	99	0	good	good	good	good	good		false
PP_002Y7JR	https://pathoplexus.org/seq/PP_002Y7JR	PP_002Y7JR.2	https://pathoplexus.org/seq/PP_002Y7JR.2	OZ262145.1	https://www.ncbi.nlm.nih.gov/nuccore/OZ262145.1	NPHLMPX240020_C	2024-02-02	Asia	Cambodia			186195	Homo sapiens	2025-06-01	2025-06-02		Nouhin et al.	Nouhin, Janin; Jansen, Daan; Dantas, Pedro H. L. F.; Pum, Leakhena; Khun, Limmey; Chea, Kimlay; Siegers, Jurre Y.; Rath, Sophoannadedh; Laumen, Jolein; Gonnella, Giorgio; Ly, Sovann; Karlsson, Erik A.; Vercauteren, Koen	Virology Unit, Institut Pasteur du Cambodge, Phnomn Penn, Cambodia; Clinical Virology Unit, Institute of Tropical Medicine, Antwerp, Belgium	OPEN	https://pathoplexus.org/about/terms-of-use/open-data		IIb	hMPXV-1	C.1.3	0.9320416411015724	2388	71	0	good	good	good	good	good		false
PP_002YS6X	https://pathoplexus.org/seq/PP_002YS6X	PP_002YS6X.1	https://pathoplexus.org/seq/PP_002YS6X.1	PV785663.1	https://www.ncbi.nlm.nih.gov/nuccore/PV785663.1	MPXV_China_GD_2024_BA18	2024-06-28	Asia	China			196968	Homo sapiens	2025-06-13	2025-06-13		Shi et al.	Shi, C.	South University of Science and Technology, School of Medicine	OPEN	https://pathoplexus.org/about/terms-of-use/open-data		IIb	hMPXV-1	E.4	0.9985041250652861	64	95	0	good	good	good	good	good		false
PP_002YS8T	https://pathoplexus.org/seq/PP_002YS8T	PP_002YS8T.1	https://pathoplexus.org/seq/PP_002YS8T.1	PV785665.1	https://www.ncbi.nlm.nih.gov/nuccore/PV785665.1	MPXV_China_GD_2024_BA20	2024-08-20	Asia	China			197115	Homo sapiens	2025-06-13	2025-06-13		Shi et al.	Shi, C.	South University of Science and Technology, School of Medicine	OPEN	https://pathoplexus.org/about/terms-of-use/open-data		IIb	hMPXV-1	E.4	0.99963490510068	0	98	0	good	good	good	good	good		false
PP_002YS9R	https://pathoplexus.org/seq/PP_002YS9R	PP_002YS9R.1	https://pathoplexus.org/seq/PP_002YS9R.1	PV785666.1	https://www.ncbi.nlm.nih.gov/nuccore/PV785666.1	MPXV_China_GD_2024_BA21	2024-08-22	Asia	China			196553	Homo sapiens	2025-06-13	2025-06-13		Shi et al.	Shi, C.	South University of Science and Technology, School of Medicine	OPEN	https://pathoplexus.org/about/terms-of-use/open-data		IIb	hMPXV-1	E.4	0.9963236971943471	79	92	0	good	good	good	good	good		false
PP_002YXKZ	https://pathoplexus.org/seq/PP_002YXKZ	PP_002YXKZ.2	https://pathoplexus.org/seq/PP_002YXKZ.2	PV834993.2	https://www.ncbi.nlm.nih.gov/nuccore/PV834993.2	Monkeypox virus/Human/USA/CA-LACPHL-MA00729/2025	2025-05-01	North America	USA			195870	Homo sapiens	2025-06-26	2025-10-01		Fox et al.	Fox, E. B.; Garrigues, J. M.; Green, N. M.	Los Angeles County Department of Public Health, Los Angeles County Public Health Laboratories	OPEN	https://pathoplexus.org/about/terms-of-use/open-data		IIb	hMPXV-1	F.2	0.9289383344573523	12740	90	1	good	good	good	good	good		false
PP_002YXQP	https://pathoplexus.org/seq/PP_002YXQP	PP_002YXQP.2	https://pathoplexus.org/seq/PP_002YXQP.2	PV834998.2	https://www.ncbi.nlm.nih.gov/nuccore/PV834998.2	Monkeypox virus/Human/USA/CA-LACPHL-MA00728/2025	2025-05-10	North America	USA			195762	Homo sapiens	2025-06-26	2025-10-01		Fox et al.	Fox, E. B.; Garrigues, J. M.; Green, N. M.	Los Angeles County Department of Public Health, Los Angeles County Public Health Laboratories	OPEN	https://pathoplexus.org/about/terms-of-use/open-data		IIb	hMPXV-1	E.3.1	0.9338975401731159	11657	105	0	good	good	good	good	good		false
PP_00343P7	https://pathoplexus.org/seq/PP_00343P7	PP_00343P7.1	https://pathoplexus.org/seq/PP_00343P7.1	PX122298.1	https://www.ncbi.nlm.nih.gov/nuccore/PX122298.1	MPXV-USA-PR0008-10kb	2024-04-XX	North America	USA	Puerto Rico		10640	Homo sapiens	2025-08-19	2025-08-20		Gigante et al.	Gigante, C.; Deng, J.; McGrath, D.; Takakuwa, J.; Wilkins, K.; Haddock, L. A.; Davidson, W.; Rabeneck, D. B.; Madden, J.; Wicker, V.; Amuri-Aziza, A.; Wawina-Bokalanga, T.; Mbala-Kingebeni, P.; Hutson, C. L.; Li, Y.	CDC, DHCPP-PRB	OPEN	https://pathoplexus.org/about/terms-of-use/open-data		IIb	hMPXV-1	F.4	0.0539529128995127	0	9	0	good	good	good	good	good		false
PP_0049XYJ	https://pathoplexus.org/seq/PP_0049XYJ	PP_0049XYJ.1	https://pathoplexus.org/seq/PP_0049XYJ.1			G-29083-1	2025-05-15	Africa	Sierra Leone	Bonthe		197173	Homo sapiens	2025-10-15	2025-10-15		Sandi et al.	Sandi, John D.; Parker, Edyth; Harding, Doris Harding; Kallom, Tiangay P. M. S.; Ope-ewe, Oludayo Oluwaseyi; Brock-Fisher, Taylor; Kamara, Mohamed S.; Sijuwola, Ayotunde Elijah; Saibu, Femi; Specht, Ivan; Fofanah, Ibrahim U.; Eromon, Philomena Ehiaghe; Ozonoff, Al; Soumare, Harouna; Squire, James; Wilkason, Colby; Park, Danny; Levy, Josh; Baudi, Ian; Marrs, Libby; Cronan, Paul; Shin, Christopher; Varilly, Patrick; Nosamiefan, Dolo; Paye, Marietou; Lanng, Ellory; Sesay, Salmata K.; Amburg, Chase Van; Schifferli, Mark; Yang, Katherine; Koroma, Zikan; Zhao, Karlie; Jalloh, Mohamed Boie; Fry, Ben; Wurie, Isatta; Andersen, Kristian G.; Vandi, Mohamed Alex; Sabeti, Pardis; Sahr, Foday; Happi, Christian; Grant, Donald S.	National Public Health Agency (NPHA) Sierra Leone,  Sierra Leone Ministry of Health,  Kenema Government Hospital Sierra Leone,  Institute of Genomics and Global Health Redeemer’s University Ede Osun State Nigeria,  The Broad Institute of MIT and Harvard Cambridge MA USA,  The Scripps Research Institute La Jolla CA 92037 USA,  School of Community Health Sciences Njala University Sierra Leone,  Fathom Information Design, Boston, MA, USA	OPEN	https://pathoplexus.org/about/terms-of-use/open-data		IIb	hMPXV-1	G.1	0.989670856806738	2018	77	1	good	good	good	good	good	OPG174:290-347	false
PP_004A00A	https://pathoplexus.org/seq/PP_004A00A	PP_004A00A.1	https://pathoplexus.org/seq/PP_004A00A.1	PX454702.1	https://www.ncbi.nlm.nih.gov/nuccore/PX454702.1	Monkeypox virus/Human/USA/CA-LACPHL-MA00754/2025	2025-07-07	North America	USA	California		197130	Homo sapiens	2025-10-15	2025-10-16		Fox et al.	Fox, E. B.; Garrigues, J. M.; Green, N. M.	Los Angeles County Department of Public Health, Los Angeles County Public Health Laboratories	OPEN	https://pathoplexus.org/about/terms-of-use/open-data		IIb	hMPXV-1	E.3.1	0.9757718968201249	4764	104	0	good	good	good	good	good		false
